product_name,price,discount,date
boAt Rockerz 255,917.7,77,29-10-2024
boAt Rockerz 255,1037.4,74,30-10-2024
boAt Rockerz 255,877.8,78,31-10-2024
boAt Rockerz 255,997.5,75,01-11-2024
boAt Rockerz 255,1077.3,73,02-11-2024
boAt Rockerz 255,997.5,75,03-11-2024
boAt Rockerz 255,1117.2,72,04-11-2024
boAt Rockerz 255,837.9,79,05-11-2024
boAt Rockerz 255,997.5,75,06-11-2024
boAt Rockerz 255,957.6,76,07-11-2024
boAt Rockerz 255,917.7,77,08-11-2024
boAt Rockerz 255,1157.1,71,09-11-2024
boAt Rockerz 255,917.7,77,10-11-2024
boAt Rockerz 255,877.8,78,11-11-2024
boAt Rockerz 255,1037.4,74,12-11-2024
boAt Rockerz 255,957.6,76,13-11-2024
boAt Rockerz 255,957.6,76,14-11-2024
boAt Rockerz 255,957.6,76,15-11-2024
boAt Rockerz 255,877.8,78,16-11-2024
boAt Rockerz 255,1117.2,72,17-11-2024
boAt Rockerz 255,1077.3,73,18-11-2024
boAt Rockerz 255,1037.4,74,19-11-2024
boAt Rockerz 255,1117.2,72,20-11-2024
boAt Rockerz 255,957.6,76,21-11-2024
boAt Rockerz 255,957.6,76,22-11-2024
boAt Rockerz 255,1037.4,74,23-11-2024
boAt Rockerz 255,1037.4,74,24-11-2024
boAt Rockerz 255,1077.3,73,25-11-2024
boAt Rockerz 255,1077.3,73,26-11-2024
boAt Rockerz 255,917.7,77,27-11-2024
boAt Rockerz 255,917.7,77,28-11-2024
boAt Rockerz 255,1077.3,73,29-11-2024
boAt Rockerz 255,837.9,79,30-11-2024
boAt Rockerz 255,877.8,78,01-12-2024
boAt Rockerz 255,1117.2,72,02-12-2024
boAt Rockerz 255,1037.4,74,03-12-2024
boAt Rockerz 255,917.7,77,04-12-2024
boAt Rockerz 255,1117.2,72,05-12-2024
boAt Rockerz 255,997.5,75,06-12-2024
boAt Rockerz 255,1117.2,72,07-12-2024
boAt Rockerz 255,1077.3,73,08-12-2024
boAt Rockerz 255,917.7,77,09-12-2024
boAt Rockerz 255,997.5,75,10-12-2024
boAt Rockerz 255,1077.3,73,11-12-2024
boAt Rockerz 255,1077.3,73,12-12-2024
boAt Rockerz 255,1077.3,73,13-12-2024
boAt Rockerz 255,917.7,77,14-12-2024
boAt Rockerz 255,877.8,78,15-12-2024
boAt Rockerz 255,877.8,78,16-12-2024
boAt Rockerz 255,877.8,78,17-12-2024
boAt Rockerz 255,997.5,75,18-12-2024
boAt Rockerz 255,917.7,77,19-12-2024
boAt Rockerz 255,917.7,77,20-12-2024
boAt Rockerz 255,1077.3,73,21-12-2024
boAt Rockerz 255,877.8,78,22-12-2024
boAt Rockerz 255,1077.3,73,23-12-2024
boAt Rockerz 255,957.6,76,24-12-2024
boAt Rockerz 255,1037.4,74,25-12-2024
boAt Rockerz 255,1117.2,72,26-12-2024
boAt Rockerz 255,997.5,75,27-12-2024
boAt Rockerz 255,1037.4,74,28-12-2024
boAt Rockerz 255,1037.4,74,29-12-2024
boAt Rockerz 255,1117.2,72,30-12-2024
boAt Rockerz 255,1117.2,72,31-12-2024
boAt Rockerz 255,1157.1,71,01-01-2025
boAt Rockerz 255,997.5,75,02-01-2025
boAt Rockerz 255,877.8,78,03-01-2025
boAt Rockerz 255,1117.2,72,04-01-2025
boAt Rockerz 255,1077.3,73,05-01-2025
boAt Rockerz 255,877.8,78,06-01-2025
boAt Rockerz 255,1037.4,74,07-01-2025
boAt Rockerz 255,997.5,75,08-01-2025
boAt Rockerz 255,917.7,77,09-01-2025
boAt Rockerz 255,957.6,76,10-01-2025
boAt Rockerz 255,1117.2,72,11-01-2025
boAt Rockerz 255,1157.1,71,12-01-2025
boAt Rockerz 255,1037.4,74,13-01-2025
boAt Rockerz 255,1077.3,73,14-01-2025
boAt Rockerz 255,1077.3,73,15-01-2025
boAt Rockerz 255,957.6,76,16-01-2025
boAt Rockerz 255,957.6,76,17-01-2025
boAt Rockerz 255,917.7,77,18-01-2025
boAt Rockerz 255,997.5,75,19-01-2025
boAt Rockerz 255,957.6,76,20-01-2025
boAt Rockerz 255,997.5,75,21-01-2025
boAt Rockerz 255,1077.3,73,22-01-2025
boAt Rockerz 255,877.8,78,23-01-2025
boAt Rockerz 255,917.7,77,24-01-2025
boAt Rockerz 255,917.7,77,25-01-2025
boAt Rockerz 255,998,75,26-01-2025
boAt Rockerz 255,1037.4,74,27-01-2025
boAt Rockerz 255,998,75,28-01-2025
Oneplus Bullets Z2,1333.42,42,29-10-2024
Oneplus Bullets Z2,1333.42,42,30-10-2024
Oneplus Bullets Z2,1356.41,41,31-10-2024
Oneplus Bullets Z2,1333.42,42,01-11-2024
Oneplus Bullets Z2,1356.41,41,02-11-2024
Oneplus Bullets Z2,1333.42,42,03-11-2024
Oneplus Bullets Z2,1264.45,45,04-11-2024
Oneplus Bullets Z2,1287.44,44,05-11-2024
Oneplus Bullets Z2,1333.42,42,06-11-2024
Oneplus Bullets Z2,1333.42,42,07-11-2024
Oneplus Bullets Z2,1264.45,45,08-11-2024
Oneplus Bullets Z2,1333.42,42,09-11-2024
Oneplus Bullets Z2,1310.43,43,10-11-2024
Oneplus Bullets Z2,1333.42,42,11-11-2024
Oneplus Bullets Z2,1264.45,45,12-11-2024
Oneplus Bullets Z2,1310.43,43,13-11-2024
Oneplus Bullets Z2,1287.44,44,14-11-2024
Oneplus Bullets Z2,1310.43,43,15-11-2024
Oneplus Bullets Z2,1310.43,43,16-11-2024
Oneplus Bullets Z2,1287.44,44,17-11-2024
Oneplus Bullets Z2,1356.41,41,18-11-2024
Oneplus Bullets Z2,1356.41,41,19-11-2024
Oneplus Bullets Z2,1264.45,45,20-11-2024
Oneplus Bullets Z2,1264.45,45,21-11-2024
Oneplus Bullets Z2,1287.44,44,22-11-2024
Oneplus Bullets Z2,1356.41,41,23-11-2024
Oneplus Bullets Z2,1333.42,42,24-11-2024
Oneplus Bullets Z2,1310.43,43,25-11-2024
Oneplus Bullets Z2,1287.44,44,26-11-2024
Oneplus Bullets Z2,1310.43,43,27-11-2024
Oneplus Bullets Z2,1356.41,41,28-11-2024
Oneplus Bullets Z2,1287.44,44,29-11-2024
Oneplus Bullets Z2,1264.45,45,30-11-2024
Oneplus Bullets Z2,1287.44,44,01-12-2024
Oneplus Bullets Z2,1287.44,44,02-12-2024
Oneplus Bullets Z2,1264.45,45,03-12-2024
Oneplus Bullets Z2,1356.41,41,04-12-2024
Oneplus Bullets Z2,1264.45,45,05-12-2024
Oneplus Bullets Z2,1356.41,41,06-12-2024
Oneplus Bullets Z2,1333.42,42,07-12-2024
Oneplus Bullets Z2,1310.43,43,08-12-2024
Oneplus Bullets Z2,1356.41,41,09-12-2024
Oneplus Bullets Z2,1287.44,44,10-12-2024
Oneplus Bullets Z2,1287.44,44,11-12-2024
Oneplus Bullets Z2,1333.42,42,12-12-2024
Oneplus Bullets Z2,1310.43,43,13-12-2024
Oneplus Bullets Z2,1310.43,43,14-12-2024
Oneplus Bullets Z2,1333.42,42,15-12-2024
Oneplus Bullets Z2,1310.43,43,16-12-2024
Oneplus Bullets Z2,1333.42,42,17-12-2024
Oneplus Bullets Z2,1310.43,43,18-12-2024
Oneplus Bullets Z2,1310.43,43,19-12-2024
Oneplus Bullets Z2,1264.45,45,20-12-2024
Oneplus Bullets Z2,1310.43,43,21-12-2024
Oneplus Bullets Z2,1333.42,42,22-12-2024
Oneplus Bullets Z2,1264.45,45,23-12-2024
Oneplus Bullets Z2,1333.42,42,24-12-2024
Oneplus Bullets Z2,1264.45,45,25-12-2024
Oneplus Bullets Z2,1310.43,43,26-12-2024
Oneplus Bullets Z2,1264.45,45,27-12-2024
Oneplus Bullets Z2,1287.44,44,28-12-2024
Oneplus Bullets Z2,1287.44,44,29-12-2024
Oneplus Bullets Z2,1310.43,43,30-12-2024
Oneplus Bullets Z2,1333.42,42,31-12-2024
Oneplus Bullets Z2,1310.43,43,01-01-2025
Oneplus Bullets Z2,1264.45,45,02-01-2025
Oneplus Bullets Z2,1264.45,45,03-01-2025
Oneplus Bullets Z2,1310.43,43,04-01-2025
Oneplus Bullets Z2,1356.41,41,05-01-2025
Oneplus Bullets Z2,1333.42,42,06-01-2025
Oneplus Bullets Z2,1264.45,45,07-01-2025
Oneplus Bullets Z2,1264.45,45,08-01-2025
Oneplus Bullets Z2,1264.45,45,09-01-2025
Oneplus Bullets Z2,1264.45,45,10-01-2025
Oneplus Bullets Z2,1264.45,45,11-01-2025
Oneplus Bullets Z2,1333.42,42,12-01-2025
Oneplus Bullets Z2,1264.45,45,13-01-2025
Oneplus Bullets Z2,1356.41,41,14-01-2025
Oneplus Bullets Z2,1264.45,45,15-01-2025
Oneplus Bullets Z2,1310.43,43,16-01-2025
Oneplus Bullets Z2,1310.43,43,17-01-2025
Oneplus Bullets Z2,1356.41,41,18-01-2025
Oneplus Bullets Z2,1310.43,43,19-01-2025
Oneplus Bullets Z2,1287.44,44,20-01-2025
Oneplus Bullets Z2,1333.42,42,21-01-2025
Oneplus Bullets Z2,1264.45,45,22-01-2025
Oneplus Bullets Z2,1287.44,44,23-01-2025
Oneplus Bullets Z2,1333.42,42,24-01-2025
Oneplus Bullets Z2,1264.45,45,25-01-2025
Oneplus Bullets Z2,1299,43,26-01-2025
Oneplus Bullets Z2,1310.43,43,27-01-2025
Oneplus Bullets Z2,1799,22,28-01-2025
Realme Buds Wireless 3 Neo,1049.58,58,29-10-2024
Realme Buds Wireless 3 Neo,1024.59,59,30-10-2024
Realme Buds Wireless 3 Neo,1124.55,55,31-10-2024
Realme Buds Wireless 3 Neo,1049.58,58,01-11-2024
Realme Buds Wireless 3 Neo,1074.57,57,02-11-2024
Realme Buds Wireless 3 Neo,1124.55,55,03-11-2024
Realme Buds Wireless 3 Neo,1074.57,57,04-11-2024
Realme Buds Wireless 3 Neo,1074.57,57,05-11-2024
Realme Buds Wireless 3 Neo,1124.55,55,06-11-2024
Realme Buds Wireless 3 Neo,1099.56,56,07-11-2024
Realme Buds Wireless 3 Neo,1124.55,55,08-11-2024
Realme Buds Wireless 3 Neo,1049.58,58,09-11-2024
Realme Buds Wireless 3 Neo,1149.54,54,10-11-2024
Realme Buds Wireless 3 Neo,1074.57,57,11-11-2024
Realme Buds Wireless 3 Neo,1124.55,55,12-11-2024
Realme Buds Wireless 3 Neo,1149.54,54,13-11-2024
Realme Buds Wireless 3 Neo,1124.55,55,14-11-2024
Realme Buds Wireless 3 Neo,1049.58,58,15-11-2024
Realme Buds Wireless 3 Neo,1074.57,57,16-11-2024
Realme Buds Wireless 3 Neo,1149.54,54,17-11-2024
Realme Buds Wireless 3 Neo,1124.55,55,18-11-2024
Realme Buds Wireless 3 Neo,1124.55,55,19-11-2024
Realme Buds Wireless 3 Neo,1049.58,58,20-11-2024
Realme Buds Wireless 3 Neo,1099.56,56,21-11-2024
Realme Buds Wireless 3 Neo,1174.53,53,22-11-2024
Realme Buds Wireless 3 Neo,1099.56,56,23-11-2024
Realme Buds Wireless 3 Neo,1149.54,54,24-11-2024
Realme Buds Wireless 3 Neo,1124.55,55,25-11-2024
Realme Buds Wireless 3 Neo,1074.57,57,26-11-2024
Realme Buds Wireless 3 Neo,1149.54,54,27-11-2024
Realme Buds Wireless 3 Neo,1049.58,58,28-11-2024
Realme Buds Wireless 3 Neo,1049.58,58,29-11-2024
Realme Buds Wireless 3 Neo,1074.57,57,30-11-2024
Realme Buds Wireless 3 Neo,1049.58,58,01-12-2024
Realme Buds Wireless 3 Neo,1049.58,58,02-12-2024
Realme Buds Wireless 3 Neo,1074.57,57,03-12-2024
Realme Buds Wireless 3 Neo,1149.54,54,04-12-2024
Realme Buds Wireless 3 Neo,1149.54,54,05-12-2024
Realme Buds Wireless 3 Neo,1049.58,58,06-12-2024
Realme Buds Wireless 3 Neo,1024.59,59,07-12-2024
Realme Buds Wireless 3 Neo,1099.56,56,08-12-2024
Realme Buds Wireless 3 Neo,1049.58,58,09-12-2024
Realme Buds Wireless 3 Neo,1074.57,57,10-12-2024
Realme Buds Wireless 3 Neo,1099.56,56,11-12-2024
Realme Buds Wireless 3 Neo,1149.54,54,12-12-2024
Realme Buds Wireless 3 Neo,1099.56,56,13-12-2024
Realme Buds Wireless 3 Neo,1024.59,59,14-12-2024
Realme Buds Wireless 3 Neo,1099.56,56,15-12-2024
Realme Buds Wireless 3 Neo,1024.59,59,16-12-2024
Realme Buds Wireless 3 Neo,1099.56,56,17-12-2024
Realme Buds Wireless 3 Neo,1049.58,58,18-12-2024
Realme Buds Wireless 3 Neo,1149.54,54,19-12-2024
Realme Buds Wireless 3 Neo,1074.57,57,20-12-2024
Realme Buds Wireless 3 Neo,1149.54,54,21-12-2024
Realme Buds Wireless 3 Neo,1074.57,57,22-12-2024
Realme Buds Wireless 3 Neo,1099.56,56,23-12-2024
Realme Buds Wireless 3 Neo,1149.54,54,24-12-2024
Realme Buds Wireless 3 Neo,1174.53,53,25-12-2024
Realme Buds Wireless 3 Neo,1049.58,58,26-12-2024
Realme Buds Wireless 3 Neo,1174.53,53,27-12-2024
Realme Buds Wireless 3 Neo,1099.56,56,28-12-2024
Realme Buds Wireless 3 Neo,1099.56,56,29-12-2024
Realme Buds Wireless 3 Neo,1074.57,57,30-12-2024
Realme Buds Wireless 3 Neo,1024.59,59,31-12-2024
Realme Buds Wireless 3 Neo,1099.56,56,01-01-2025
Realme Buds Wireless 3 Neo,1124.55,55,02-01-2025
Realme Buds Wireless 3 Neo,1174.53,53,03-01-2025
Realme Buds Wireless 3 Neo,1074.57,57,04-01-2025
Realme Buds Wireless 3 Neo,1124.55,55,05-01-2025
Realme Buds Wireless 3 Neo,1099.56,56,06-01-2025
Realme Buds Wireless 3 Neo,1124.55,55,07-01-2025
Realme Buds Wireless 3 Neo,1124.55,55,08-01-2025
Realme Buds Wireless 3 Neo,1074.57,57,09-01-2025
Realme Buds Wireless 3 Neo,1099.56,56,10-01-2025
Realme Buds Wireless 3 Neo,1049.58,58,11-01-2025
Realme Buds Wireless 3 Neo,1149.54,54,12-01-2025
Realme Buds Wireless 3 Neo,1149.54,54,13-01-2025
Realme Buds Wireless 3 Neo,1124.55,55,14-01-2025
Realme Buds Wireless 3 Neo,1024.59,59,15-01-2025
Realme Buds Wireless 3 Neo,1099.56,56,16-01-2025
Realme Buds Wireless 3 Neo,1074.57,57,17-01-2025
Realme Buds Wireless 3 Neo,1174.53,53,18-01-2025
Realme Buds Wireless 3 Neo,1149.54,54,19-01-2025
Realme Buds Wireless 3 Neo,1049.58,58,20-01-2025
Realme Buds Wireless 3 Neo,1099.56,56,21-01-2025
Realme Buds Wireless 3 Neo,1049.58,58,22-01-2025
Realme Buds Wireless 3 Neo,1149.54,54,23-01-2025
Realme Buds Wireless 3 Neo,1124.55,55,24-01-2025
Realme Buds Wireless 3 Neo,1049.58,58,25-01-2025
Realme Buds Wireless 3 Neo,1099,56,26-01-2025
Realme Buds Wireless 3 Neo,1149.54,54,27-01-2025
Realme Buds Wireless 3 Neo,1299,48,28-01-2025
JBL Tune 215BT,1619.46,46,29-10-2024
JBL Tune 215BT,1589.47,47,30-10-2024
JBL Tune 215BT,1649.45,45,31-10-2024
JBL Tune 215BT,1589.47,47,01-11-2024
JBL Tune 215BT,1529.49,49,02-11-2024
JBL Tune 215BT,1619.46,46,03-11-2024
JBL Tune 215BT,1559.48,48,04-11-2024
JBL Tune 215BT,1619.46,46,05-11-2024
JBL Tune 215BT,1649.45,45,06-11-2024
JBL Tune 215BT,1649.45,45,07-11-2024
JBL Tune 215BT,1559.48,48,08-11-2024
JBL Tune 215BT,1649.45,45,09-11-2024
JBL Tune 215BT,1619.46,46,10-11-2024
JBL Tune 215BT,1529.49,49,11-11-2024
JBL Tune 215BT,1649.45,45,12-11-2024
JBL Tune 215BT,1619.46,46,13-11-2024
JBL Tune 215BT,1649.45,45,14-11-2024
JBL Tune 215BT,1559.48,48,15-11-2024
JBL Tune 215BT,1589.47,47,16-11-2024
JBL Tune 215BT,1589.47,47,17-11-2024
JBL Tune 215BT,1649.45,45,18-11-2024
JBL Tune 215BT,1529.49,49,19-11-2024
JBL Tune 215BT,1559.48,48,20-11-2024
JBL Tune 215BT,1529.49,49,21-11-2024
JBL Tune 215BT,1589.47,47,22-11-2024
JBL Tune 215BT,1619.46,46,23-11-2024
JBL Tune 215BT,1589.47,47,24-11-2024
JBL Tune 215BT,1649.45,45,25-11-2024
JBL Tune 215BT,1529.49,49,26-11-2024
JBL Tune 215BT,1589.47,47,27-11-2024
JBL Tune 215BT,1559.48,48,28-11-2024
JBL Tune 215BT,1619.46,46,29-11-2024
JBL Tune 215BT,1559.48,48,30-11-2024
JBL Tune 215BT,1529.49,49,01-12-2024
JBL Tune 215BT,1619.46,46,02-12-2024
JBL Tune 215BT,1559.48,48,03-12-2024
JBL Tune 215BT,1559.48,48,04-12-2024
JBL Tune 215BT,1529.49,49,05-12-2024
JBL Tune 215BT,1589.47,47,06-12-2024
JBL Tune 215BT,1649.45,45,07-12-2024
JBL Tune 215BT,1529.49,49,08-12-2024
JBL Tune 215BT,1559.48,48,09-12-2024
JBL Tune 215BT,1589.47,47,10-12-2024
JBL Tune 215BT,1529.49,49,11-12-2024
JBL Tune 215BT,1649.45,45,12-12-2024
JBL Tune 215BT,1559.48,48,13-12-2024
JBL Tune 215BT,1529.49,49,14-12-2024
JBL Tune 215BT,1589.47,47,15-12-2024
JBL Tune 215BT,1589.47,47,16-12-2024
JBL Tune 215BT,1619.46,46,17-12-2024
JBL Tune 215BT,1559.48,48,18-12-2024
JBL Tune 215BT,1619.46,46,19-12-2024
JBL Tune 215BT,1559.48,48,20-12-2024
JBL Tune 215BT,1589.47,47,21-12-2024
JBL Tune 215BT,1589.47,47,22-12-2024
JBL Tune 215BT,1619.46,46,23-12-2024
JBL Tune 215BT,1619.46,46,24-12-2024
JBL Tune 215BT,1619.46,46,25-12-2024
JBL Tune 215BT,1559.48,48,26-12-2024
JBL Tune 215BT,1529.49,49,27-12-2024
JBL Tune 215BT,1619.46,46,28-12-2024
JBL Tune 215BT,1589.47,47,29-12-2024
JBL Tune 215BT,1649.45,45,30-12-2024
JBL Tune 215BT,1529.49,49,31-12-2024
JBL Tune 215BT,1559.48,48,01-01-2025
JBL Tune 215BT,1529.49,49,02-01-2025
JBL Tune 215BT,1619.46,46,03-01-2025
JBL Tune 215BT,1529.49,49,04-01-2025
JBL Tune 215BT,1589.47,47,05-01-2025
JBL Tune 215BT,1559.48,48,06-01-2025
JBL Tune 215BT,1649.45,45,07-01-2025
JBL Tune 215BT,1559.48,48,08-01-2025
JBL Tune 215BT,1649.45,45,09-01-2025
JBL Tune 215BT,1619.46,46,10-01-2025
JBL Tune 215BT,1529.49,49,11-01-2025
JBL Tune 215BT,1589.47,47,12-01-2025
JBL Tune 215BT,1559.48,48,13-01-2025
JBL Tune 215BT,1529.49,49,14-01-2025
JBL Tune 215BT,1649.45,45,15-01-2025
JBL Tune 215BT,1559.48,48,16-01-2025
JBL Tune 215BT,1529.49,49,17-01-2025
JBL Tune 215BT,1529.49,49,18-01-2025
JBL Tune 215BT,1649.45,45,19-01-2025
JBL Tune 215BT,1559.48,48,20-01-2025
JBL Tune 215BT,1559.48,48,21-01-2025
JBL Tune 215BT,1529.49,49,22-01-2025
JBL Tune 215BT,1649.45,45,23-01-2025
JBL Tune 215BT,1589.47,47,24-01-2025
JBL Tune 215BT,1619.46,46,25-01-2025
JBL Tune 215BT,1599,47,26-01-2025
JBL Tune 215BT,1529.49,49,27-01-2025
JBL Tune 215BT,1699,43,28-01-2025
